ESV_loop,Re_BLAST_Species,PctMatchLoop
ESV_021903,Clausocalanus pergens,100
ESV_029375,Acartia hudsonica,100
ESV_029695,Pseudocalanus newmani,100
ESV_043774,Ctenocalanus vanus,100
ESV_067604,DELETE,DELETE
ESV_067624,Acartia longiremis,100
ESV_057200,Euphausia pacifica,100
ESV_158722,Pseudocalanus mimus,95.987
ESV_158984,Acartia longiremis,99.681
ESV_159764,Pseudocalanus newmani,99.361
ESV_160061,Pseudocalanus sp. NJCGS093-09,100
ESV_160064,Pseudocalanus newmani,99.681
ESV_159816,Acartia longiremis,99.681
ESV_159773,Acartia longiremis,99.681
ESV_188807,Clausocalanus parapergens,99.361
ESV_188752,Ctenocalanus vanus,100
ESV_195777,Paracalanus sp. C AC-2013,99.359
ESV_195675,Paracalanus sp. C AC-2013,99.679
ESV_231584,Acartia longiremis,99.681
ESV_226731,Pseudocalanus acuspes,95.833
ESV_237226,Paracalanus sp. C AC-2013,99.679
ESV_241162,Acartia longiremis,99.681
ESV_234320,Acartia longiremis,99.681
ESV_219079,Paracalanus sp. C AC-2013,100
ESV_240322,Acartia longiremis,99.681
ESV_233087,Pseudocalanus mimus,95.38
ESV_235720,Acartia longiremis,99.681
ESV_239354,Pseudocalanus mimus,95.652
ESV_219482,Acartia longiremis,99.361
ESV_245293,Pseudocalanus mimus,96.7
ESV_226474,DELETE,DELETE
ESV_241169,Acartia longiremis,99.353
ESV_250320,Pseudocalanus mimus,95.652
ESV_242038,Pseudocalanus mimus,96.053
ESV_250373,Pseudocalanus mimus,97.69
ESV_239370,Acartia longiremis,100
ESV_219473,Acartia longiremis,99.681
ESV_242158,Paracalanus sp. C AC-2013,99.679
ESV_245384,Acartia longiremis,99.042
ESV_227714,Acartia longiremis,99.681
ESV_226516,Acartia longiremis,99.681
ESV_236683,Acartia longiremis,99.681
ESV_234338,Acartia longiremis,99.681
ESV_239748,Pseudocalanus mimus,98.684
ESV_233799,Pseudocalanus mimus,97
ESV_242060,Pseudocalanus mimus,98.35
ESV_218500,Acartia longiremis,99.674
ESV_236760,Oithona similis,95.847
ESV_243473,Pseudocalanus mimus,96.656
ESV_221415,Paracalanus sp. C AC-2013,99.679
ESV_219191,Pseudocalanus newmani,99.681
ESV_242042,Pseudocalanus mimus,96.656
ESV_236651,Centropages abdominalis,99.681
ESV_236734,Acartia longiremis,99.042
ESV_230677,Acartia longiremis,99.681
ESV_241184,Pseudocalanus mimus,95.71
ESV_217491,Pseudocalanus mimus,96.37
ESV_249370,Acartia longiremis,99.681
ESV_224412,Paracalanus sp. C AC-2013,100
ESV_219155,Pseudocalanus newmani,99.681
ESV_241167,Acartia longiremis,99.681
ESV_242096,Pseudocalanus mimus,98.355
ESV_223985,Acartia longiremis,99.361
ESV_233892,Pseudocalanus mimus,98.355
ESV_233703,Acartia longiremis,99.681
ESV_220840,Acartia longiremis,100
ESV_222197,Acartia longiremis,99.681
ESV_240351,Acartia longiremis,99.361
ESV_242129,Pseudocalanus mimus,96.99
ESV_219865,Paracalanus sp. C AC-2013,99.359
ESV_219663,Acartia longiremis,99.681
ESV_217410,Pseudocalanus mimus,99.013
ESV_242066,DELETE,DELETE
ESV_242153,Paracalanus sp. C AC-2013,99.679
ESV_241104,Pseudocalanus mimus,97.03
ESV_219189,Pseudocalanus newmani,99.681
ESV_240356,Acartia longiremis,99.681
ESV_222934,Acartia longiremis,99.681
ESV_241178,Acartia longiremis,99.038
ESV_220098,Metridia pacifica,100
ESV_242019,Pseudocalanus mimus,95.652
ESV_217648,Pseudocalanus mimus,96.382
ESV_236233,Paracalanus sp. C AC-2013,99.359
ESV_225374,Pseudocalanus mimus,97.324
ESV_247524,Pseudocalanus mimus,97.368
ESV_242037,Pseudocalanus mimus,97.36
ESV_226506,DELETE,DELETE
ESV_241189,Acartia longiremis,99.676
ESV_224707,Acartia longiremis,99.355
ESV_222525,Paracalanus sp. C AC-2013,99.679
ESV_241116,Pseudocalanus mimus,96.99
ESV_238395,Acartia longiremis,99.346
ESV_223751,Acartia longiremis,99.045
ESV_240954,Paracalanus sp. C AC-2013,99.679
ESV_217962,Paracalanus sp. C AC-2013,100
ESV_242046,Pseudocalanus mimus,97.697
ESV_219669,Acartia longiremis,99.681
ESV_224704,Acartia longiremis,99.681
ESV_219506,Acartia longiremis,100
ESV_225986,Acartia longiremis,99.361
ESV_236693,Acartia longiremis,97.764
ESV_242056,Pseudocalanus mimus,96.37
ESV_217824,Pseudocalanus mimus,98.355
ESV_224861,Pseudocalanus mimus,98.026
ESV_219908,Pseudocalanus mimus,98.684
ESV_220975,Acartia longiremis,99.681
ESV_240318,Centropages abdominalis,99.681
ESV_240365,Acartia longiremis,99.673
ESV_235561,Acartia longiremis,99.681
ESV_233665,Calanus pacificus,99.359
ESV_220043,DELETE,DELETE
ESV_221397,Paracalanus sp. C AC-2013,99.678
ESV_217825,Acartia longiremis,99.359
ESV_219223,Acartia longiremis,99.681
ESV_217492,Pseudocalanus mimus,97.697
ESV_217345,Pseudocalanus mimus,99.013
ESV_242061,Pseudocalanus mimus,96.711
ESV_238379,DELETE,DELETE
ESV_219149,DELETE,DELETE
ESV_230944,Clausocalanus parapergens,99.681
ESV_217955,Acartia longiremis,99.042
ESV_217898,Acartia longiremis,99.679
ESV_248190,Acartia longiremis,99.681
ESV_221378,Paracalanus sp. C AC-2013,96.04
ESV_242161,Paracalanus sp. C AC-2013,99.359
ESV_221382,Paracalanus sp. C AC-2013,99.678
ESV_231387,Paracalanus sp. C AC-2013,99.359
ESV_218502,Centropages abdominalis,99.681
ESV_217570,Acartia longiremis,99.673
ESV_244170,Acartia longiremis,99.359
ESV_239031,Paracalanus sp. C AC-2013,99.679
ESV_217865,Acartia longiremis,99.679
ESV_241138,Centropages abdominalis,99.681
ESV_241172,Pseudocalanus mimus,97.039
ESV_242119,Pseudocalanus mimus,95.724
ESV_238421,Acartia longiremis,99.361
ESV_218100,Thysanoessa spinifera,100
ESV_217727,Acartia longiremis,99.359
ESV_222202,Acartia longiremis,99.681
ESV_220639,Acartia longiremis,99.679
ESV_241182,Pseudocalanus mimus,99.01
ESV_224443,Paracalanus sp. C AC-2013,99.038
ESV_217946,Paracalanus sp. C AC-2013,100
ESV_241968,Pseudocalanus mimus,97.368
ESV_218086,Paracalanus sp. C AC-2013,99.679
ESV_218950,Pseudocalanus mimus,95.724
ESV_219093,Paracalanus sp. C AC-2013,100
ESV_221054,Pseudocalanus acuspes,96.154
ESV_240353,Acartia longiremis,99.681
ESV_217757,Pseudocalanus mimus,97.039
ESV_243829,Pseudocalanus mimus,96.053
ESV_243830,Pseudocalanus mimus,97.039
ESV_242109,Pseudocalanus mimus,97.659
ESV_233031,DELETE,DELETE
ESV_219121,Oithona similis,95.847
ESV_242082,Pseudocalanus mimus,98.026
ESV_227545,Oithona similis,95.847
ESV_237506,Acartia longiremis,99.042
ESV_219152,Pseudocalanus newmani,99.681
ESV_240307,Centropages abdominalis,99.681
ESV_220764,Acartia longiremis,100
ESV_224216,Acartia longiremis,99.361
ESV_242013,Pseudocalanus mimus,98.026
ESV_222519,Paracalanus sp. C AC-2013,99.679
ESV_242083,Pseudocalanus mimus,98.684
ESV_218481,Acartia longiremis,99.042
ESV_220943,Centropages abdominalis,100
ESV_225473,Acartia longiremis,98.403
ESV_218532,Oithona similis,96.166
ESV_236751,Acartia longiremis,99.349
ESV_219172,Pseudocalanus newmani,99.042
ESV_226371,Pseudocalanus mimus,98.68
ESV_250322,Pseudocalanus mimus,95.318
ESV_232358,Acartia longiremis,100
ESV_242076,Pseudocalanus mimus,98.684
ESV_244095,Centropages abdominalis,99.681
ESV_239369,Pseudocalanus mimus,96.667
ESV_242171,Pseudocalanus mimus,95.652
ESV_220961,Paracalanus sp. C AC-2013,99.679
ESV_217525,Pseudocalanus mimus,95.987
ESV_241964,Pseudocalanus mimus,98.026
ESV_222515,Paracalanus sp. C AC-2013,99.359
ESV_246557,DELETE,DELETE
ESV_226547,DELETE,DELETE
ESV_242059,Pseudocalanus mimus,98.02
ESV_220972,Acartia longiremis,99.681
ESV_238159,Paracalanus sp. C AC-2013,99.679
ESV_222533,Paracalanus sp. C AC-2013,99.038
ESV_222518,Paracalanus sp. C AC-2013,99.679
ESV_242091,Pseudocalanus mimus,97.368
ESV_247504,DELETE,DELETE
ESV_242160,Acartia longiremis,99.359
ESV_219756,Metridia pacifica,100
ESV_241134,Pseudocalanus mimus,98.328
ESV_221407,Paracalanus sp. C AC-2013,99.359
ESV_242157,Paracalanus sp. C AC-2013,99.355
ESV_220062,Metridia lucens,100
ESV_232645,Acartia longiremis,99.681
ESV_218599,Paracalanus sp. C AC-2013,100
ESV_239377,Acartia longiremis,96.486
ESV_242111,Pseudocalanus mimus,98.662
ESV_221067,Pseudocalanus mimus,99.01
ESV_217975,Paracalanus sp. C AC-2013,99.679
ESV_242001,Pseudocalanus mimus,97.324
ESV_217341,DELETE,DELETE
ESV_238376,Acartia longiremis,99.361
ESV_239358,Acartia longiremis,99.681
ESV_219926,Pseudocalanus mimus,97.324
ESV_226668,Acartia longiremis,99.042
ESV_219625,Acartia longiremis,99.361
ESV_249183,Pseudocalanus mimus,96.99
ESV_219580,Acartia longiremis,99.681
ESV_239378,Pseudocalanus mimus,97
ESV_231703,DELETE,DELETE
ESV_226622,Oithona similis,95.847
ESV_231582,Acartia longiremis,99.681
ESV_234839,Paracalanus sp. C AC-2013,99.679
ESV_220977,Acartia longiremis,100
ESV_233141,Pseudocalanus mimus,96.04
ESV_227823,Acartia longiremis,97.125
ESV_240337,Centropages abdominalis,99.681
ESV_241997,Pseudocalanus mimus,96.656
ESV_241100,DELETE,DELETE
ESV_221037,Acartia longiremis,96.805
ESV_219059,Pseudocalanus mimus,98.684
ESV_246341,Pseudocalanus mimus,98.684
ESV_235558,Calanus pacificus,99.678
ESV_219096,Paracalanus sp. C AC-2013,99.679
ESV_219665,Acartia longiremis,99.681
ESV_219820,Acartia longiremis,99.681
ESV_241977,Pseudocalanus mimus,98.355
ESV_242036,Pseudocalanus mimus,95.987
ESV_233123,Pseudocalanus mimus,98.684
ESV_226501,Acartia longiremis,99.676
ESV_217283,Centropages abdominalis,100
ESV_242855,Pseudocalanus mimus,95.987
ESV_241951,Pseudocalanus mimus,95.987
ESV_229726,Acartia longiremis,99.681
ESV_219686,Paracalanus sp. C AC-2013,100
ESV_219862,Paracalanus sp. C AC-2013,99.678
ESV_218944,Pseudocalanus mimus,96
ESV_241176,Acartia longiremis,99.359
ESV_222201,Acartia longiremis,99.681
ESV_239760,Pseudocalanus mimus,99.013
ESV_219573,Acartia longiremis,99.361
ESV_222513,Paracalanus sp. C AC-2013,99.679
ESV_226388,Oithona similis,95.847
ESV_238397,Acartia longiremis,99.681
ESV_242028,Pseudocalanus mimus,96.04
ESV_231595,Acartia longiremis,99.681
ESV_227420,Centropages abdominalis,99.681
ESV_218659,Oithona similis,95.847
ESV_236677,Paracalanus sp. C AC-2013,99.679
ESV_219681,Acartia longiremis,99.681
ESV_227787,Pseudocalanus mimus,95.652
ESV_221377,Acartia longiremis,99.681
ESV_241186,Pseudocalanus mimus,95.318
ESV_221523,Oithona similis,95.847
ESV_226874,Acartia longiremis,99.681
ESV_243789,Acartia longiremis,99.042
ESV_225866,Pseudocalanus mimus,99.342
ESV_219514,Acartia longiremis,99.681
ESV_236321,Paracalanus sp. C AC-2013,99.679
ESV_237530,Acartia longiremis,98.722
ESV_217566,DELETE,DELETE
ESV_242048,Pseudocalanus mimus,96.04
ESV_219065,Paracalanus sp. C AC-2013,99.678
ESV_222194,Acartia longiremis,99.681
ESV_222516,Paracalanus sp. C AC-2013,99.681
ESV_248170,Acartia longiremis,99.681
ESV_222148,Pseudocalanus mimus,96.321
ESV_265914,Pseudocalanus minutus,99.359
ESV_275435,Acartia longiremis,99.361
ESV_277492,Acartia longiremis,99.673
ESV_273534,Pseudocalanus newmani,99.042
ESV_273001,DELETE,DELETE
ESV_273016,DELETE,DELETE
ESV_270937,DELETE,DELETE
ESV_277942,Pseudocalanus mimus,98.026
ESV_272165,DELETE,DELETE
ESV_277524,Acartia longiremis,99.673
ESV_278333,DELETE,DELETE
ESV_275143,Pseudocalanus mimus,95.973
ESV_272522,Pseudocalanus mimus,95.652
ESV_264487,Oithona similis,100
ESV_265399,Pseudocalanus minutus,99.681
ESV_276255,Acartia longiremis,99.681
ESV_272951,Pseudocalanus mimus,95.302
ESV_278422,Pseudocalanus mimus,96.333
ESV_275088,Acartia longiremis,99.681
ESV_264684,Pseudocalanus minutus,98.083
ESV_272899,Pseudocalanus mimus,95.987
ESV_276054,DELETE,DELETE
ESV_273713,Pseudocalanus acuspes,95.833
ESV_276300,Paracalanus sp. C AC-2013,99.359
ESV_262527,Pseudocalanus acuspes,99.681
ESV_268892,Pseudocalanus newmani,99.359
ESV_270850,Paracalanus sp. C AC-2013,99.038
ESV_276549,Pseudocalanus mimus,98.355
ESV_265036,Oithona similis,95.847
ESV_271532,Pseudocalanus newmani,95.752
ESV_273561,DELETE,DELETE
ESV_269855,Clausocalanus parapergens,99.361
ESV_279260,Acartia longiremis,99.681
ESV_270944,DELETE,DELETE
ESV_272055,Pseudocalanus mimus,95.987
ESV_263066,Pseudocalanus newmani,98.083
ESV_264901,Oithona similis,95.765
ESV_263337,Oithona similis,95.847
ESV_266071,Pseudocalanus minutus,95.82
ESV_270102,Paracalanus sp. C AC-2013,100
ESV_263033,Pseudocalanus newmani,98.722
ESV_273548,Pseudocalanus newmani,99.361
ESV_262756,DELETE,DELETE
ESV_278797,Paracalanus sp. C AC-2013,99.678
ESV_274945,Acartia longiremis,99.361
ESV_276002,Acartia longiremis,99.673
ESV_274242,Acartia longiremis,99.681
ESV_261847,Pseudocalanus sp. NJCGS093-09,99.681
ESV_264512,Oithona similis,95.847
ESV_262938,DELETE,DELETE
ESV_274802,Pseudocalanus mimus,98.322
ESV_276511,Acartia longiremis,99.042
ESV_278369,Pseudocalanus newmani,95.05
ESV_263088,Oithona similis,95.847
ESV_264678,Pseudocalanus minutus,99.681
ESV_278323,Pseudocalanus mimus,96.04
ESV_277879,DELETE,DELETE
ESV_277602,DELETE,DELETE
ESV_265895,Oithona similis,95.847
ESV_272166,Pseudocalanus newmani,99.361
ESV_277532,Acartia longiremis,99.673
ESV_276696,Pseudocalanus mimus,97.368
ESV_276506,Acartia longiremis,99.361
ESV_277664,Pseudocalanus mimus,98.355
ESV_272893,DELETE,DELETE
ESV_279002,Pseudocalanus mimus,98.355
ESV_271523,Pseudocalanus newmani,96.405
ESV_271446,Acartia longiremis,99.681
ESV_277509,Pseudocalanus mimus,96.667
ESV_275925,Pseudocalanus mimus,99.666
ESV_279370,Pseudocalanus mimus,95.987
ESV_275100,Pseudocalanus newmani,99.681
ESV_273854,Pseudocalanus mimus,95.41
ESV_270882,Pseudocalanus newmani,96.37
ESV_274890,Acartia longiremis,99.676
ESV_279022,Pseudocalanus mimus,96.321
ESV_274841,Pseudocalanus mimus,95.318
ESV_277733,Acartia longiremis,99.361
ESV_273075,DELETE,DELETE
ESV_262717,DELETE,DELETE
ESV_280035,Pseudocalanus mimus,95.652
ESV_275277,Acartia longiremis,99.042
ESV_272046,Calanus pacificus,99.357
ESV_274941,Acartia longiremis,98.722
ESV_266075,Pseudocalanus minutus,99.678
ESV_272572,Pseudocalanus mimus,98.684
ESV_279552,Acartia longiremis,99.346
ESV_265471,Pseudocalanus sp. NJCGS093-09,99.361
ESV_262521,Pseudocalanus minutus,99.678
ESV_277462,Acartia longiremis,99.361
ESV_269605,Calanus pacificus,99.359
ESV_275829,Pseudocalanus mimus,97.697
ESV_261857,Pseudocalanus sp. NJCGS093-09,99.681
ESV_277417,DELETE,DELETE
ESV_266987,Pseudocalanus minutus,99.035
ESV_278111,Pseudocalanus mimus,96.382
ESV_275091,Pseudocalanus newmani,99.042
ESV_274836,Acartia longiremis,99.681
ESV_272882,Pseudocalanus mimus,97.315
ESV_276670,DELETE,DELETE
ESV_271515,Pseudocalanus mimus,97.987
ESV_268467,Paracalanus sp. C AC-2013,99.678
ESV_273501,Pseudocalanus newmani,99.681
ESV_266284,DELETE,DELETE
ESV_271485,Pseudocalanus newmani,96.078
ESV_273728,Pseudocalanus mimus,96.656
ESV_275150,DELETE,DELETE
ESV_263031,Pseudocalanus sp. NJCGS093-09,99.361
ESV_279634,Paracalanus sp. C AC-2013,99.679
ESV_279647,Pseudocalanus mimus,97.039
ESV_266184,Pseudocalanus sp. NJCGS093-09,99.361
ESV_275923,Pseudocalanus mimus,99.666
ESV_265214,Pseudocalanus sp. NJCGS093-09,99.361
ESV_263034,Pseudocalanus sp. NJCGS093-09,99.361
ESV_270351,Paracalanus sp. C AC-2013,99.359
ESV_278609,DELETE,DELETE
ESV_271676,Paracalanus sp. C AC-2013,99.357
ESV_265162,Oithona similis,95.847
ESV_272953,Pseudocalanus mimus,95.302
ESV_277418,Pseudocalanus mimus,98.355
ESV_272586,DELETE,DELETE
ESV_270875,Pseudocalanus newmani,97.36
ESV_266972,Pseudocalanus minutus,99.357
ESV_271219,Paracalanus sp. C AC-2013,99.038
ESV_270413,Pseudocalanus mimus,97
ESV_275126,DELETE,DELETE
ESV_266975,Pseudocalanus minutus,99.674
ESV_275420,DELETE,DELETE
ESV_266304,Pseudocalanus newmani,98.083
ESV_277450,Pseudocalanus mimus,97.368
ESV_274743,Acartia longiremis,99.361
ESV_265936,Pseudocalanus minutus,99.361
ESV_273564,Pseudocalanus newmani,98.403
ESV_270305,Calanus pacificus,98.718
ESV_265339,Pseudocalanus sp. NJCGS093-09,99.681
ESV_271721,Paracalanus sp. C AC-2013,99.679
ESV_276977,Acartia longiremis,99.681
ESV_264688,Pseudocalanus minutus,97.411
ESV_278150,Acartia longiremis,99.681
ESV_276748,Pseudocalanus mimus,97.697
ESV_265916,Pseudocalanus minutus,99.042
ESV_270011,Clausocalanus parapergens,99.681
ESV_278789,Paracalanus sp. C AC-2013,99.679
ESV_278429,Pseudocalanus mimus,96
ESV_275906,Pseudocalanus mimus,95.652
ESV_276634,Centropages abdominalis,100
ESV_273668,DELETE,DELETE
ESV_277407,Pseudocalanus mimus,98.355
ESV_269021,Pseudocalanus mimus,95.652
ESV_268598,Paracalanus sp. C AC-2013,99.679
ESV_277641,Pseudocalanus mimus,95.652
ESV_274880,Acartia longiremis,97.125
ESV_277698,Acartia longiremis,99.361
ESV_272965,Pseudocalanus mimus,96.321
ESV_274937,Acartia longiremis,99.361
ESV_273039,DELETE,DELETE
ESV_274706,Acartia longiremis,99.361
ESV_270139,Paracalanus sp. C AC-2013,99.679
ESV_263067,Pseudocalanus sp. NJCGS093-09,99.361
ESV_278486,DELETE,DELETE
ESV_264562,Pseudocalanus sp. NJCGS093-09,99.681
ESV_261641,Oithona similis,98.5
ESV_279324,Acartia longiremis,99.361
ESV_270539,DELETE,DELETE
ESV_274267,Acartia longiremis,99.359
ESV_274967,Pseudocalanus mimus,96.321
ESV_266394,Thysanoessa inermis,100
ESV_278983,DELETE,DELETE
ESV_267959,Oithona similis,96.166
ESV_272173,Pseudocalanus newmani,99.361
ESV_275416,DELETE,DELETE
ESV_266088,Pseudocalanus minutus,100
ESV_268894,Pseudocalanus mimus,98.355
ESV_270901,DELETE,DELETE
ESV_261868,Pseudocalanus sp. NJCGS093-09,99.681
ESV_266310,Pseudocalanus newmani,99.361
ESV_263674,Pseudocalanus sp. NJCGS093-09,99.361
ESV_272600,Pseudocalanus mimus,97.69
ESV_278275,Acartia longiremis,99.361
ESV_275191,Pseudocalanus mimus,96.656
ESV_273780,Pseudocalanus acuspes,95.833
ESV_272888,DELETE,DELETE
ESV_271458,DELETE,DELETE
ESV_271584,DELETE,DELETE
ESV_276636,DELETE,DELETE
ESV_271501,Pseudocalanus newmani,96.078
ESV_277947,Pseudocalanus mimus,96.656
ESV_270635,Acartia longiremis,98.722
ESV_271921,DELETE,DELETE
ESV_273488,Pseudocalanus newmani,99.361
ESV_271752,Paracalanus sp. C AC-2013,99.679
ESV_261757,Pseudocalanus acuspes,99.042
ESV_266311,DELETE,DELETE
ESV_276225,Acartia longiremis,99.042
ESV_272868,DELETE,DELETE
ESV_280089,Pseudocalanus mimus,98.355
ESV_277494,Pseudocalanus mimus,97
ESV_280449,Pseudocalanus mimus,96.321
ESV_275252,Pseudocalanus mimus,96.667
ESV_273024,DELETE,DELETE
ESV_272923,Pseudocalanus mimus,96.333
ESV_279263,Acartia longiremis,99.361
ESV_276028,Pseudocalanus mimus,95.71
ESV_279626,Pseudocalanus mimus,96.656
ESV_276029,Pseudocalanus mimus,95.318
ESV_265881,Pseudocalanus minutus,99.681
ESV_275184,DELETE,DELETE
ESV_274916,Metridia pacifica,99.681
ESV_266970,Pseudocalanus minutus,98.714
ESV_262548,Pseudocalanus minutus,99.357
ESV_263665,Pseudocalanus sp. NJCGS093-09,99.361
ESV_277785,Pseudocalanus mimus,95.395
ESV_275427,Acartia longiremis,99.681
ESV_275826,Pseudocalanus mimus,98.684
ESV_265998,Oithona similis,95.847
ESV_276914,DELETE,DELETE
ESV_275138,Pseudocalanus mimus,96.309
ESV_270124,Paracalanus sp. C AC-2013,99.679
ESV_274038,Acartia longiremis,99.681
ESV_263593,DELETE,DELETE
ESV_272602,Euphausia pacifica,95.527
ESV_269362,DELETE,DELETE
ESV_271212,Paracalanus sp. C AC-2013,99.038
ESV_275139,Pseudocalanus newmani,97.69
ESV_279612,Pseudocalanus mimus,97.368
ESV_278372,Pseudocalanus newmani,96.37
ESV_267283,Pseudocalanus sp. NJCGS093-09,99.361
ESV_275128,Centropages abdominalis,99.681
ESV_279056,Pseudocalanus mimus,96.04
ESV_263043,Pseudocalanus sp. NJCGS093-09,99.361
ESV_272955,Pseudocalanus mimus,95.652
ESV_268633,Paracalanus sp. C AC-2013,99.678
ESV_264785,Pseudocalanus acuspes,99.361
ESV_261838,Pseudocalanus acuspes,98.722
ESV_279832,Pseudocalanus mimus,95.395
ESV_270409,DELETE,DELETE
ESV_273202,Paracalanus sp. C AC-2013,99.359
ESV_276687,DELETE,DELETE
ESV_278745,Acartia longiremis,99.361
ESV_275818,DELETE,DELETE
ESV_279413,Pseudocalanus mimus,97.36
ESV_272884,DELETE,DELETE
ESV_278128,Acartia longiremis,98.083
ESV_275860,Pseudocalanus mimus,96.321
ESV_268691,Calanus pacificus,99.035
ESV_274873,Acartia longiremis,99.361
ESV_275145,Pseudocalanus mimus,95.638
ESV_271627,Acartia longiremis,99.359
ESV_265663,Pseudocalanus sp. NJCGS093-09,99.361
ESV_276230,Acartia longiremis,99.681
ESV_276131,DELETE,DELETE
ESV_270570,Acartia longiremis,99.361
ESV_269662,Paracalanus sp. C AC-2013,99.679
ESV_265629,Pseudocalanus sp. NJCGS093-09,99.681
ESV_265406,Pseudocalanus minutus,95.82
ESV_262531,Pseudocalanus acuspes,99.361
ESV_277535,Acartia longiremis,99.038
ESV_273521,Acartia longiremis,99.681
ESV_278076,Pseudocalanus newmani,99.681
ESV_276015,Pseudocalanus mimus,99.331
ESV_275954,Pseudocalanus mimus,99.01
ESV_275451,Acartia longiremis,99.361
ESV_264345,Oithona similis,95.847
ESV_271609,Calanus marshallae,98.371
ESV_275564,Pseudocalanus mimus,99.664
ESV_267994,Oithona similis,95.847
ESV_278787,Paracalanus sp. C AC-2013,99.359
ESV_270315,Paracalanus sp. C AC-2013,99.359
ESV_275819,Pseudocalanus mimus,97.697
ESV_274099,DELETE,DELETE
ESV_268882,Pseudocalanus mimus,95.27
ESV_274838,Acartia longiremis,99.042
ESV_275119,Pseudocalanus newmani,95.527
ESV_269279,Paracalanus sp. C AC-2013,98.718
ESV_277681,Pseudocalanus mimus,97.039
ESV_272881,Pseudocalanus mimus,95.638
ESV_279301,Acartia longiremis,98.722
ESV_272141,Pseudocalanus newmani,99.681
ESV_276017,Pseudocalanus mimus,95.667
ESV_275398,Pseudocalanus newmani,99.681
ESV_275421,DELETE,DELETE
ESV_268589,Paracalanus sp. C AC-2013,99.678
ESV_264468,DELETE,DELETE
ESV_268590,Paracalanus sp. C AC-2013,99.678
ESV_267583,Pseudocalanus newmani,99.681
ESV_271699,Paracalanus sp. C AC-2013,99.038
ESV_277777,Pseudocalanus mimus,95.652
ESV_273753,Pseudocalanus mimus,98.02
ESV_277424,Pseudocalanus mimus,95.71
ESV_268920,Pseudocalanus newmani,95.71
ESV_267838,Oithona similis,95.847
ESV_278041,Centropages abdominalis,99.679
ESV_276005,Pseudocalanus mimus,98.026
ESV_270557,DELETE,DELETE
ESV_263585,Pseudocalanus minutus,100
ESV_264603,Acartia longiremis,98.689
ESV_276227,Lucicutia flavicornis,99.361
ESV_268203,Paracalanus sp. C AC-2013,99.038
ESV_277381,Pseudocalanus mimus,98.355
ESV_273766,DELETE,DELETE
ESV_276920,Acartia longiremis,99.681
ESV_265860,Oithona similis,98.5
ESV_273476,Pseudocalanus newmani,98.722
ESV_276046,Acartia longiremis,98.693
ESV_279554,Pseudocalanus mimus,99.34
ESV_269468,Acartia longiremis,99.361
ESV_264031,DELETE,DELETE
ESV_279493,Acartia longiremis,99.681
ESV_267406,Pseudocalanus sp. NJCGS093-09,97.764
ESV_275136,Pseudocalanus mimus,98.322
ESV_275581,Acartia longiremis,99.042
ESV_271552,Pseudocalanus newmani,96.44
ESV_263590,Pseudocalanus sp. NJCGS093-09,99.681
ESV_279637,Paracalanus sp. C AC-2013,99.357
ESV_277665,Pseudocalanus mimus,96.711
ESV_278087,Pseudocalanus newmani,99.361
ESV_280134,Acartia longiremis,99.042
ESV_261894,Oithona similis,98
ESV_278317,Pseudocalanus newmani,98.403
ESV_270153,Paracalanus sp. C AC-2013,99.357
ESV_261489,DELETE,DELETE
ESV_264526,Pseudocalanus acuspes,99.042
ESV_275472,DELETE,DELETE
ESV_269765,Paracalanus sp. C AC-2013,99.678
ESV_279437,Acartia longiremis,99.349
ESV_276059,Pseudocalanus mimus,99.666
ESV_276279,Calanus pacificus,98.718
ESV_277701,Pseudocalanus mimus,98.328
ESV_276630,Pseudocalanus mimus,95.066
ESV_280458,Pseudocalanus mimus,95.724
ESV_263493,Pseudocalanus sp. KLMPC092-09,99.681
ESV_276736,Pseudocalanus mimus,98.026
ESV_269505,DELETE,DELETE
ESV_265911,Pseudocalanus minutus,99.357
ESV_276616,Pseudocalanus mimus,97.333
ESV_279517,Pseudocalanus mimus,98.355
ESV_267092,Pseudocalanus sp. NJCGS093-09,99.681
ESV_277588,Pseudocalanus newmani,99.681
ESV_271013,Pseudocalanus mimus,95.652
ESV_278162,Acartia longiremis,99.042
ESV_263717,Pseudocalanus sp. KLMPC092-09,99.681
ESV_270565,Acartia longiremis,99.681
ESV_279553,Acartia longiremis,99.673
ESV_277684,Pseudocalanus mimus,98.026
ESV_270876,Pseudocalanus newmani,95.05
ESV_269612,Oithona similis,95.847
ESV_272877,DELETE,DELETE
ESV_277699,Pseudocalanus mimus,95.318
ESV_275973,Pseudocalanus mimus,98.68
ESV_272356,Acartia longiremis,99.681
ESV_272897,DELETE,DELETE
ESV_277634,Pseudocalanus mimus,96.99
ESV_263137,Oithona similis,95.847
ESV_273063,Pseudocalanus newmani,99.681
ESV_268157,Paracalanus sp. C AC-2013,99.038
ESV_274332,Acartia longiremis,99.681
ESV_273739,Pseudocalanus mimus,98.684
ESV_267480,Pseudocalanus sp. NJCGS093-09,99.681
ESV_273510,Pseudocalanus newmani,99.681
ESV_263642,Pseudocalanus sp. NJCGS093-09,99.361
ESV_266299,Pseudocalanus newmani,99.361
ESV_264630,Pseudocalanus sp. NJCGS093-09,99.681
ESV_272547,Pseudocalanus mimus,96.053
ESV_270687,Acartia longiremis,99.681
ESV_271479,Pseudocalanus mimus,96.309
ESV_273080,DELETE,DELETE
ESV_276033,Pseudocalanus mimus,98.684
ESV_271202,Paracalanus sp. C AC-2013,99.357
ESV_273605,Acartia longiremis,98.083
ESV_264590,Pseudocalanus acuspes,99.361
ESV_261834,Pseudocalanus sp. NJCGS093-09,99.681
ESV_269630,Paracalanus sp. C AC-2013,99.357
ESV_277627,Pseudocalanus mimus,96.321
ESV_266162,Pseudocalanus acuspes,99.042
ESV_262299,Oithona similis,95.847
ESV_278981,Pseudocalanus mimus,98.026
ESV_274302,Acartia longiremis,99.361
ESV_276226,Acartia longiremis,100
ESV_264449,DELETE,DELETE
ESV_275551,Pseudocalanus mimus,99.013
ESV_263068,Pseudocalanus acuspes,99.361
ESV_278375,Acartia longiremis,100
ESV_275382,DELETE,DELETE
ESV_261881,Pseudocalanus sp. NJCGS093-09,99.681
ESV_265405,Pseudocalanus minutus,99.678
ESV_271136,Calanus pacificus,99.359
ESV_269836,Oithona similis,95.847
ESV_271954,Pseudocalanus newmani,97.764
ESV_269659,Paracalanus sp. C AC-2013,99.038
ESV_271508,Pseudocalanus mimus,97.987
ESV_277746,Pseudocalanus mimus,99.007
ESV_271486,Pseudocalanus mimus,97.651
ESV_271858,DELETE,DELETE
ESV_271858,Pseudocalanus mimus,97.651
ESV_280464,Pseudocalanus mimus,96.656
ESV_264515,Pseudocalanus sp. NJCGS093-09,99.681
ESV_275948,DELETE,DELETE
ESV_272163,Pseudocalanus newmani,99.361
ESV_277607,Pseudocalanus newmani,98.083
ESV_267760,Oithona similis,98.02
ESV_271456,DELETE,DELETE
ESV_275967,Pseudocalanus mimus,98.684
ESV_263949,Acartia longiremis,98.355
ESV_269271,Paracalanus sp. C AC-2013,99.038
ESV_273689,Pseudocalanus mimus,98.026
ESV_279587,Pseudocalanus mimus,96.382
ESV_273567,Pseudocalanus newmani,98.722
ESV_268896,Pseudocalanus newmani,95.05
ESV_266074,DELETE,DELETE
ESV_270488,DELETE,DELETE
ESV_261506,Pseudocalanus sp. NJCGS093-09,99.679
ESV_271902,Pseudocalanus newmani,98.083
ESV_278777,Acartia longiremis,99.346
ESV_261528,Pseudocalanus sp. NJCGS093-09,99.361
ESV_275962,Pseudocalanus mimus,99.013
ESV_264445,DELETE,DELETE
ESV_277416,Pseudocalanus mimus,98.026
ESV_277527,Pseudocalanus mimus,98.355
ESV_270618,Acartia longiremis,99.023
ESV_271509,Pseudocalanus mimus,96.644
ESV_275560,Pseudocalanus mimus,99.013
ESV_268908,Pseudocalanus mimus,98.026
ESV_279799,Pseudocalanus mimus,96.711
ESV_273070,DELETE,DELETE
ESV_261960,Oithona similis,99.569
ESV_270162,Paracalanus sp. C AC-2013,99.359
ESV_264921,Oithona similis,98.515
ESV_266226,DELETE,DELETE
ESV_268015,Acartia longiremis,99.681
ESV_277957,Pseudocalanus mimus,97.697
ESV_262720,Oithona similis,99.569
ESV_270110,Paracalanus sp. C AC-2013,99.678
ESV_270117,Paracalanus sp. C AC-2013,99.678
ESV_277472,Pseudocalanus mimus,95.987
ESV_273482,DELETE,DELETE
ESV_280473,Pseudocalanus mimus,97.993
ESV_279336,Centropages abdominalis,100
ESV_264685,Pseudocalanus minutus,99.361
ESV_273479,DELETE,DELETE
ESV_273726,Pseudocalanus acuspes,96.154
ESV_280321,Pseudocalanus mimus,98.355
ESV_270123,Paracalanus sp. C AC-2013,99.038
ESV_276664,Pseudocalanus mimus,98.684
ESV_263595,Pseudocalanus sp. NJCGS093-09,99.361
ESV_263689,Pseudocalanus sp. NJCGS093-09,99.361
ESV_263027,Pseudocalanus sp. NJCGS093-09,99.361
ESV_276700,Pseudocalanus mimus,97.368
ESV_273816,Pseudocalanus mimus,95.652
ESV_271606,Calanus marshallae,96.743
ESV_273679,DELETE,DELETE
ESV_271978,Pseudocalanus mimus,98.026
ESV_278991,DELETE,DELETE
ESV_268704,Calanus pacificus,98.718
ESV_269458,Acartia longiremis,99.674
ESV_278984,Thysanoessa spinifera,99.351
ESV_275833,Pseudocalanus mimus,97.697
ESV_263635,Pseudocalanus sp. NJCGS093-09,99.361
ESV_275502,Acartia longiremis,99.361
ESV_268865,Paracalanus sp. C AC-2013,99.359
ESV_263322,Pseudocalanus sp. NJCGS093-09,99.361
ESV_278216,Acartia longiremis,99.681
ESV_265772,DELETE,DELETE
ESV_276610,DELETE,DELETE
ESV_274251,Acartia longiremis,99.038
ESV_273033,DELETE,DELETE
ESV_277218,Pseudocalanus mimus,96.656
ESV_272014,Acartia longiremis,99.042
ESV_276665,Pseudocalanus mimus,97.368
ESV_276010,Acartia longiremis,99.346
ESV_274847,DELETE,DELETE
ESV_261912,Pseudocalanus sp. NJCGS093-09,99.681
ESV_267326,Pseudocalanus acuspes,98.397
ESV_273890,Pseudocalanus mimus,97.36
ESV_263357,Oithona similis,96.091
ESV_266991,Pseudocalanus minutus,96.141
ESV_265621,Pseudocalanus sp. NJCGS093-09,99.681
ESV_278651,Pseudocalanus mimus,97.368
ESV_263075,Pseudocalanus sp. NJCGS093-09,99.361
ESV_275193,Pseudocalanus mimus,98.35
ESV_278750,Pseudocalanus mimus,97.69
ESV_277355,Pseudocalanus mimus,97.697
ESV_261808,Pseudocalanus sp. NJCGS093-09,99.361
ESV_267303,Pseudocalanus acuspes,97.125
ESV_275415,DELETE,DELETE
ESV_264657,Pseudocalanus sp. NJCGS093-09,99.361
ESV_269668,Paracalanus sp. C AC-2013,99.681
ESV_265431,DELETE,DELETE
ESV_262671,Pseudocalanus sp. NJCGS093-09,99.681
ESV_275137,Pseudocalanus newmani,95.05
ESV_278794,Paracalanus sp. C AC-2013,99.681
ESV_276666,Pseudocalanus mimus,95.652
ESV_261701,Oithona similis,95.847
ESV_271991,Pseudocalanus newmani,99.681
ESV_273673,DELETE,DELETE
ESV_270725,Acartia longiremis,99.361
ESV_262379,Oithona similis,95.847
ESV_272895,DELETE,DELETE
ESV_277637,Pseudocalanus mimus,95.066
ESV_278319,Acartia longiremis,99.681
ESV_265034,Oithona similis,95.847
ESV_274481,Acartia longiremis,99.681
ESV_266290,Pseudocalanus newmani,99.681
ESV_273848,Pseudocalanus mimus,97.697
ESV_275541,Acartia longiremis,99.681
ESV_268841,Paracalanus sp. C AC-2013,99.679
ESV_272561,Pseudocalanus mimus,96.99
ESV_265722,Pseudocalanus sp. NJCGS093-09,99.361
ESV_279035,Centropages abdominalis,99.679
ESV_271463,DELETE,DELETE
ESV_265939,Pseudocalanus minutus,97.764
ESV_271510,Pseudocalanus mimus,97.315
ESV_278156,DELETE,DELETE
ESV_277444,Acartia longiremis,99.038
ESV_269901,Oithona similis,95.847
ESV_277949,Pseudocalanus mimus,96.656
ESV_263076,Pseudocalanus sp. NJCGS093-09,99.361
ESV_264687,Pseudocalanus minutus,98.714
ESV_272883,Pseudocalanus mimus,95.973
ESV_264716,Pseudocalanus sp. KLMPC092-09,99.681
ESV_277803,DELETE,DELETE
ESV_263535,Oithona similis,95.847
ESV_279629,Pseudocalanus mimus,95.724
ESV_278092,DELETE,DELETE
ESV_277673,Pseudocalanus mimus,97.368
ESV_271502,Pseudocalanus newmani,95.425
ESV_271775,Paracalanus sp. C AC-2013,99.679
ESV_266984,Pseudocalanus minutus,99.02
ESV_271538,Pseudocalanus mimus,95.318
ESV_274940,Metridia pacifica,99.042
ESV_267871,Pseudocalanus mimus,98.026
ESV_279003,Euphausia pacifica,96.166
ESV_272564,Pseudocalanus mimus,95.973
ESV_273550,Pseudocalanus newmani,98.083
ESV_264503,DELETE,DELETE
ESV_261468,DELETE,DELETE
ESV_262330,Oithona similis,95.527
ESV_275540,Acartia longiremis,99.681
ESV_269183,Paracalanus sp. C AC-2013,99.357
ESV_275935,Pseudocalanus mimus,98.684
ESV_277784,DELETE,DELETE
ESV_267485,Pseudocalanus sp. NJCGS093-09,99.681
ESV_275804,Pseudocalanus mimus,98.026
ESV_273478,DELETE,DELETE
ESV_270926,Pseudocalanus newmani,99.361
ESV_279614,Pseudocalanus mimus,97.69
ESV_279261,Acartia longiremis,99.042
ESV_265501,Pseudocalanus sp. NJCGS093-09,99.361
ESV_279489,Acartia longiremis,99.361
ESV_271594,Calanus marshallae,96.091
ESV_268951,Pseudocalanus mimus,95.987
ESV_276913,DELETE,DELETE
ESV_279618,Pseudocalanus minutus,99.681
ESV_276019,Pseudocalanus mimus,99.329
ESV_272607,DELETE,DELETE
ESV_264353,Oithona similis,98.507
ESV_271934,Pseudocalanus newmani,97.764
ESV_266291,Pseudocalanus newmani,99.681
ESV_275155,Pseudocalanus newmani,97.764
ESV_277240,Pseudocalanus mimus,95.987
ESV_275573,Pseudocalanus mimus,95.318
ESV_279271,Acartia longiremis,99.042
ESV_265030,Oithona similis,95.847
ESV_275232,Pseudocalanus mimus,97.03
ESV_275164,Pseudocalanus mimus,98.684
ESV_272532,Pseudocalanus mimus,96.04
ESV_263605,Oithona similis,95.847
ESV_271332,Pseudocalanus mimus,98.026
ESV_278349,Acartia longiremis,99.361
ESV_264415,Oithona similis,95.527
ESV_263284,Pseudocalanus mimus,98.355
ESV_278597,DELETE,DELETE
ESV_270997,Acartia longiremis,99.042
ESV_266973,DELETE,DELETE
ESV_280451,Pseudocalanus mimus,98.328
ESV_270773,Paracalanus sp. C AC-2013,99.678
ESV_266505,Oithona similis,95.847
ESV_263830,Oithona similis,95.847
ESV_276652,DELETE,DELETE
ESV_266294,Pseudocalanus newmani,99.681
ESV_276979,DELETE,DELETE
ESV_271473,Pseudocalanus newmani,95.098
ESV_277635,DELETE,DELETE
ESV_277704,Pseudocalanus mimus,96.99
ESV_278303,Acartia longiremis,98.046
ESV_268451,Acartia longiremis,99.361
ESV_276608,Pseudocalanus mimus,95.318
ESV_274930,Acartia longiremis,99.361
ESV_271527,Pseudocalanus mimus,95.638
ESV_270871,Pseudocalanus newmani,99.042
ESV_264514,DELETE,DELETE
ESV_278392,Pseudocalanus mimus,96.04
ESV_262524,DELETE,DELETE
ESV_274917,Metridia pacifica,99.681
ESV_261783,Pseudocalanus sp. NJCGS093-09,99.681
ESV_263024,Pseudocalanus sp. NJCGS093-09,99.681
ESV_272132,Acartia longiremis,99.361
ESV_268887,Pseudocalanus mimus,95.946
ESV_264699,Pseudocalanus sp. NJCGS093-09,99.681
ESV_267472,Pseudocalanus sp. NJCGS093-09,99.681
ESV_272007,Pseudocalanus newmani,99.681
ESV_270721,Paracalanus sp. C AC-2013,99.679
ESV_274839,Acartia longiremis,96.805
ESV_262764,Pseudocalanus sp. NJCGS093-09,99.681
ESV_271593,Acartia longiremis,99.042
ESV_270992,Pseudocalanus newmani,99.361
ESV_276667,Pseudocalanus mimus,96.321
ESV_271470,Pseudocalanus newmani,97.059
ESV_275429,DELETE,DELETE
ESV_269778,DELETE,DELETE
ESV_266287,Pseudocalanus newmani,99.681
ESV_275926,Pseudocalanus mimus,99.342
ESV_272863,Pseudocalanus mimus,96.321
ESV_270728,Acartia longiremis,99.361
ESV_274811,DELETE,DELETE
ESV_277039,Paracalanus sp. C AC-2013,99.042
ESV_269518,Oithona similis,96.166
ESV_262458,Oithona similis,95.847
ESV_280166,Acartia longiremis,99.679
ESV_267596,Pseudocalanus minutus,99.678
ESV_280484,Pseudocalanus mimus,95.652
ESV_278248,Acartia longiremis,99.359
ESV_279574,Pseudocalanus mimus,95.652
ESV_271217,Paracalanus sp. C AC-2013,99.038
ESV_275404,DELETE,DELETE
ESV_279042,Pseudocalanus mimus,95.318
ESV_274893,Acartia longiremis,98.083
ESV_271116,Paracalanus sp. C AC-2013,99.357
ESV_267585,Pseudocalanus acuspes,99.361
ESV_275374,Pseudocalanus newmani,95.513
ESV_275203,Pseudocalanus mimus,95.652
ESV_266283,Pseudocalanus newmani,99.042
ESV_263824,Oithona similis,99.569
ESV_261778,Pseudocalanus sp. NJCGS093-09,99.681
ESV_266096,Pseudocalanus minutus,99.361
ESV_275585,Acartia longiremis,99.361
ESV_269060,Paracalanus sp. C AC-2013,99.678
ESV_262351,Oithona similis,98.515
ESV_262334,Oithona similis,95.527
ESV_278654,Pseudocalanus mimus,97.36
ESV_267368,Oithona similis,96.166
ESV_266316,Pseudocalanus newmani,98.403
ESV_272551,DELETE,DELETE
ESV_275204,DELETE,DELETE
ESV_262234,Pseudocalanus sp. NJCGS093-09,98.083
ESV_275970,Pseudocalanus mimus,99.331
ESV_266134,Pseudocalanus minutus,99.357
ESV_263262,Pseudocalanus acuspes,99.361
ESV_265922,Pseudocalanus minutus,99.035
ESV_272570,Pseudocalanus mimus,95.395
ESV_271462,Pseudocalanus mimus,98.02
ESV_278974,Pseudocalanus mimus,98.026
ESV_264847,Pseudocalanus minutus,99.678
ESV_262512,Oithona similis,95.527
ESV_266081,Pseudocalanus minutus,100
ESV_277498,Acartia longiremis,98.083
ESV_273787,Acartia longiremis,97.068
ESV_265035,Oithona similis,99.569
ESV_275194,Pseudocalanus newmani,98.722
ESV_268880,Pseudocalanus mimus,96.656
ESV_262231,Pseudocalanus sp. KLMPC092-09,100
ESV_279571,Pseudocalanus mimus,96.053
ESV_268902,Pseudocalanus mimus,96.99
ESV_273515,Pseudocalanus newmani,98.403
ESV_267487,Pseudocalanus sp. NJCGS093-09,99.681
ESV_264395,Oithona similis,95.527
ESV_270155,Paracalanus sp. C AC-2013,98.718
ESV_271476,Pseudocalanus newmani,97.411
ESV_273678,Pseudocalanus mimus,98.684
ESV_263657,Pseudocalanus sp. NJCGS093-09,99.361
ESV_279562,DELETE,DELETE
ESV_276620,Pseudocalanus mimus,98.355
ESV_272524,Acartia longiremis,99.681
ESV_264463,Pseudocalanus newmani,98.403
ESV_267608,Pseudocalanus minutus,99.681
ESV_277941,Acartia longiremis,99.681
ESV_273493,Pseudocalanus newmani,98.722
ESV_263165,Oithona similis,95.847
ESV_275106,DELETE,DELETE
ESV_277632,Pseudocalanus mimus,95.652
ESV_279572,Pseudocalanus mimus,98.355
ESV_270303,Paracalanus sp. C AC-2013,99.679
ESV_263053,Pseudocalanus sp. NJCGS093-09,99.361
ESV_276983,Acartia longiremis,99.361
ESV_270730,Acartia longiremis,99.361
ESV_277633,Pseudocalanus mimus,95.987
ESV_263062,Pseudocalanus sp. NJCGS093-09,99.361
ESV_272271,Acartia longiremis,99.361
ESV_265889,Pseudocalanus minutus,98.403
ESV_272151,DELETE,DELETE
ESV_271833,DELETE,DELETE
ESV_263429,DELETE,DELETE
ESV_275543,Pseudocalanus mimus,95.652
ESV_267295,Pseudocalanus sp. NJCGS093-09,99.361
ESV_263052,Pseudocalanus sp. NJCGS093-09,99.361
ESV_271229,Paracalanus sp. C AC-2013,99.035
ESV_265903,Pseudocalanus minutus,99.681
ESV_268309,Acartia longiremis,99.681
ESV_263063,Pseudocalanus sp. NJCGS093-09,99.361
ESV_270663,Acartia longiremis,99.681
ESV_271528,Pseudocalanus newmani,95.146
ESV_265180,Pseudocalanus minutus,100
ESV_273558,DELETE,DELETE
ESV_263336,Oithona similis,96.486
ESV_277873,DELETE,DELETE
ESV_273069,DELETE,DELETE
ESV_268988,Pseudocalanus mimus,96.321
ESV_276507,Centropages abdominalis,99.681
ESV_271448,Pseudocalanus newmani,99.681
ESV_279030,Pseudocalanus mimus,96.333
ESV_267399,Oithona similis,95.527
ESV_276681,Pseudocalanus mimus,98.684
ESV_268942,Pseudocalanus mimus,96.309
ESV_268349,Pseudocalanus mimus,95.987
ESV_265176,DELETE,DELETE
ESV_270883,Pseudocalanus newmani,98.403
ESV_277506,Acartia longiremis,99.359
ESV_275142,Pseudocalanus newmani,96.37
ESV_262849,Oithona similis,99.569
ESV_263448,Pseudocalanus sp. KLMPC092-09,99.681
ESV_261917,Pseudocalanus sp. NJCGS093-09,99.681
ESV_275514,Acartia longiremis,100
ESV_265928,Pseudocalanus minutus,98.722
ESV_275149,Pseudocalanus newmani,95.71
ESV_275927,Acartia longiremis,99.681
ESV_276022,Acartia longiremis,99.346
ESV_272003,Acartia longiremis,99.361
ESV_280152,Acartia longiremis,98.382
ESV_279631,Pseudocalanus mimus,97.697
ESV_269666,Paracalanus sp. C AC-2013,99.679
ESV_275165,Pseudocalanus newmani,99.042
ESV_262883,Pseudocalanus sp. NJCGS093-09,99.042
ESV_273484,Pseudocalanus newmani,99.681
ESV_266804,Oithona similis,95.527
ESV_273681,Pseudocalanus acuspes,95.498
ESV_271490,Pseudocalanus mimus,95.638
ESV_263415,Oithona similis,98.02
ESV_273522,Acartia longiremis,99.681
ESV_272613,Pseudocalanus mimus,97.368
ESV_273523,Pseudocalanus newmani,98.403
ESV_268910,Pseudocalanus mimus,97.039
ESV_277628,Pseudocalanus mimus,96.656
ESV_267251,Oithona similis,95.208
ESV_270879,Pseudocalanus mimus,95.652
ESV_263327,Pseudocalanus mimus,98.684
ESV_267115,Pseudocalanus sp. KLMPC092-09,99.681
ESV_266296,Pseudocalanus newmani,99.681
ESV_275413,DELETE,DELETE
ESV_269760,Paracalanus sp. C AC-2013,99.678
ESV_269969,Calanus pacificus,99.678
ESV_271998,Pseudocalanus newmani,99.042
ESV_274103,Pseudocalanus mimus,95.652
ESV_273064,DELETE,DELETE
ESV_277751,Acartia longiremis,99.042
ESV_279217,Acartia longiremis,98.722
ESV_279844,DELETE,DELETE
ESV_279827,Acartia longiremis,99.042
ESV_270677,Acartia longiremis,99.681
ESV_279288,Acartia longiremis,99.361
ESV_273759,Pseudocalanus mimus,98.684
ESV_273971,DELETE,DELETE
ESV_277040,Paracalanus sp. C AC-2013,99.679
ESV_278084,Pseudocalanus mimus,96.04
ESV_274852,Acartia longiremis,97.444
ESV_275983,Pseudocalanus mimus,98.993
ESV_264482,Pseudocalanus newmani,98.403
ESV_268883,Pseudocalanus mimus,96.321
ESV_279807,Acartia longiremis,100
ESV_280012,DELETE,DELETE
ESV_263079,Pseudocalanus sp. NJCGS093-09,99.361
ESV_271115,Paracalanus sp. C AC-2013,99.357
ESV_277403,Pseudocalanus mimus,98.355
ESV_277643,Pseudocalanus mimus,96.321
ESV_276603,Acartia longiremis,99.042
ESV_279624,Pseudocalanus mimus,96.678
ESV_269634,Acartia longiremis,95.847
ESV_272938,DELETE,DELETE
ESV_271484,Pseudocalanus mimus,95.973
ESV_276508,Acartia longiremis,99.361
ESV_275418,Pseudocalanus newmani,98.083
ESV_280177,Acartia longiremis,99.038
ESV_276682,Pseudocalanus mimus,96.656
ESV_268945,Pseudocalanus newmani,98.397
ESV_277655,Pseudocalanus mimus,96.321
ESV_267370,Oithona similis,95.847
ESV_274806,Pseudocalanus newmani,95.05
ESV_280094,Pseudocalanus mimus,96
ESV_272619,Lucicutia flavicornis,99.038
ESV_275539,Acartia longiremis,99.361
ESV_270899,Pseudocalanus mimus,98.02
ESV_278316,Acartia longiremis,98.697
ESV_262603,Pseudocalanus minutus,99.357
ESV_263236,Pseudocalanus mimus,98.355
ESV_270674,Acartia longiremis,99.681
ESV_274234,Acartia longiremis,99.681
ESV_274183,Metridia pacifica,99.042
ESV_279600,Pseudocalanus mimus,96.053
ESV_271948,DELETE,DELETE
ESV_271529,Pseudocalanus acuspes,96.154
ESV_274497,DELETE,DELETE
ESV_278652,Acartia longiremis,99.681
ESV_270207,Calanus pacificus,99.357
ESV_276039,Pseudocalanus mimus,99.342
ESV_271940,Pseudocalanus newmani,97.764
ESV_265700,Pseudocalanus newmani,96.805
ESV_263042,DELETE,DELETE
ESV_272896,Pseudocalanus mimus,95.302
ESV_275144,Pseudocalanus acuspes,96.154
ESV_278813,Pseudocalanus mimus,97.039
ESV_278356,Pseudocalanus newmani,95.38
ESV_273789,Pseudocalanus mimus,99.013
ESV_263671,Pseudocalanus sp. NJCGS093-09,99.361
ESV_265716,Pseudocalanus sp. NJCGS093-09,99.361
ESV_276067,Acartia longiremis,99.038
ESV_274904,Acartia longiremis,97.125
ESV_265086,Oithona similis,95.847
ESV_270915,DELETE,DELETE
ESV_263643,Pseudocalanus sp. NJCGS093-09,99.361
ESV_273790,Pseudocalanus acuspes,95.833
ESV_263662,Pseudocalanus sp. NJCGS093-09,99.361
ESV_268885,Pseudocalanus newmani,97.36
ESV_266775,Oithona similis,95.847
ESV_274805,Pseudocalanus newmani,96.37
ESV_277285,Acartia longiremis,99.681
ESV_267300,Pseudocalanus sp. NJCGS093-09,99.681
ESV_275099,DELETE,DELETE
ESV_271983,Acartia longiremis,99.361
ESV_275109,Pseudocalanus mimus,96.656
ESV_271531,Pseudocalanus mimus,97.651
ESV_277714,DELETE,DELETE
ESV_272900,Pseudocalanus mimus,97.651
ESV_263065,Pseudocalanus sp. NJCGS093-09,99.361
ESV_271359,DELETE,DELETE
ESV_263300,Pseudocalanus sp. NJCGS093-09,99.681
ESV_269753,Paracalanus sp. C AC-2013,99.679
ESV_274918,Metridia pacifica,99.681
ESV_267204,Oithona similis,95.527
ESV_279334,Pseudocalanus mimus,98.026
ESV_267418,Eucalanus bungii,98.722
ESV_263574,Oithona similis,95.208
ESV_263517,DELETE,DELETE
ESV_273573,Pseudocalanus newmani,99.042
ESV_271496,Pseudocalanus newmani,95.192
ESV_265959,Oithona similis,98.01
ESV_278124,Pseudocalanus mimus,95.066
ESV_275401,Pseudocalanus newmani,99.361
ESV_277620,Pseudocalanus mimus,97.039
ESV_271590,Acartia longiremis,98.722
ESV_275433,DELETE,DELETE
ESV_279792,Acartia longiremis,99.361
ESV_269654,Paracalanus sp. C AC-2013,99.038
ESV_279354,Centropages abdominalis,100
ESV_279798,Pseudocalanus mimus,96.656
ESV_279839,DELETE,DELETE
ESV_265724,Pseudocalanus newmani,99.681
ESV_262310,Oithona similis,100
ESV_265906,Pseudocalanus minutus,99.357
ESV_271992,DELETE,DELETE
ESV_275944,Pseudocalanus mimus,95.318
ESV_276976,Acartia longiremis,99.681
ESV_268322,DELETE,DELETE
ESV_267754,Oithona similis,95.847
ESV_262800,Pseudocalanus sp. NJCGS093-09,99.361
ESV_278453,Pseudocalanus mimus,97.993
ESV_280114,Pseudocalanus mimus,96.99
ESV_276641,Pseudocalanus mimus,96.667
ESV_276981,DELETE,DELETE
ESV_262722,Pseudocalanus sp. NJCGS093-09,99.681
ESV_277280,Acartia longiremis,98.722
ESV_261690,Oithona similis,95.847
ESV_265918,Pseudocalanus minutus,98.714
ESV_272977,Pseudocalanus mimus,97.69
ESV_278082,DELETE,DELETE
ESV_265942,Pseudocalanus minutus,98.722
ESV_276259,Acartia longiremis,99.681
ESV_265905,Pseudocalanus minutus,98.071
ESV_277265,Pseudocalanus mimus,96.656
ESV_277523,Pseudocalanus mimus,96.04
ESV_279556,Acartia longiremis,99.361
ESV_266123,DELETE,DELETE
ESV_273100,DELETE,DELETE
ESV_262639,Pseudocalanus sp. NJCGS093-09,99.681
ESV_266107,Pseudocalanus sp. NJCGS093-09,99.361
ESV_262090,Pseudocalanus minutus,99.361
ESV_267274,Pseudocalanus acuspes,97.444
ESV_267956,Oithona similis,95.847
ESV_273130,Acartia longiremis,100
ESV_268359,Pseudocalanus mimus,97.368
ESV_263799,Pseudocalanus sp. NJCGS093-09,99.681
ESV_276229,Acartia longiremis,99.681
ESV_269663,Paracalanus sp. C AC-2013,99.359
ESV_267628,Pseudocalanus minutus,99.361
ESV_263644,Pseudocalanus sp. NJCGS093-09,99.361
ESV_267268,Pseudocalanus acuspes,99.042
ESV_271718,Paracalanus sp. C AC-2013,99.679
ESV_271464,Pseudocalanus newmani,97.386
ESV_273875,Pseudocalanus mimus,95.318
ESV_280024,Pseudocalanus mimus,95.652
ESV_272614,Pseudocalanus mimus,95.667
ESV_270045,Acartia longiremis,99.681
ESV_271465,DELETE,DELETE
ESV_264679,Pseudocalanus minutus,99.361
ESV_277842,DELETE,DELETE
ESV_271337,Calanus pacificus,98.718
ESV_273083,Pseudocalanus newmani,96.805
ESV_270173,Paracalanus sp. C AC-2013,99.678
ESV_273808,Pseudocalanus mimus,95.333
ESV_266317,DELETE,DELETE
ESV_265295,DELETE,DELETE
ESV_272875,DELETE,DELETE
ESV_275141,Pseudocalanus mimus,97.651
ESV_271452,Acartia longiremis,99.361
ESV_264690,Oithona similis,95.527
ESV_271967,DELETE,DELETE
ESV_278386,Pseudocalanus mimus,96.644
ESV_262663,DELETE,DELETE
ESV_274915,Metridia pacifica,99.361
ESV_275183,Pseudocalanus mimus,97.987
ESV_271474,Pseudocalanus newmani,97.087
ESV_279495,Acartia longiremis,99.681
ESV_262729,Pseudocalanus sp. NJCGS093-09,99.681
ESV_271002,Pseudocalanus newmani,99.681
ESV_271757,Paracalanus sp. C AC-2013,99.679
ESV_270535,DELETE,DELETE
ESV_279625,Pseudocalanus mimus,96.99
ESV_271929,Pseudocalanus newmani,95.847
ESV_280369,Acartia longiremis,98.722
ESV_262678,Pseudocalanus sp. NJCGS093-09,99.681
ESV_273129,Acartia longiremis,99.681
ESV_265403,Pseudocalanus minutus,99.681
ESV_261904,Pseudocalanus sp. NJCGS093-09,99.681
ESV_275934,Pseudocalanus mimus,99.331
ESV_268144,Calanus pacificus,99.038
ESV_266040,Pseudocalanus minutus,100
ESV_279794,Pseudocalanus mimus,95.946
ESV_276282,Paracalanus sp. C AC-2013,99.681
ESV_275211,Pseudocalanus mimus,96.04
ESV_276609,DELETE,DELETE
ESV_268611,Paracalanus sp. C AC-2013,99.359
ESV_277997,Pseudocalanus mimus,97.697
ESV_270398,Acartia longiremis,99.361
ESV_272990,DELETE,DELETE
ESV_275168,Pseudocalanus newmani,97.764
ESV_273903,Pseudocalanus mimus,95.395
ESV_269243,Paracalanus sp. C AC-2013,99.038
ESV_268917,Pseudocalanus newmani,96.37
ESV_270375,Pseudocalanus acuspes,95.192
ESV_276615,Pseudocalanus mimus,96.667
ESV_263611,Pseudocalanus sp. NJCGS093-09,99.361
ESV_263384,Oithona similis,98.02
ESV_263036,Pseudocalanus sp. NJCGS093-09,99.361
ESV_276832,Pseudocalanus newmani,97.764
ESV_264709,Pseudocalanus sp. NJCGS093-09,99.361
ESV_275090,DELETE,DELETE
ESV_271346,Calanus pacificus,98.714
ESV_271513,DELETE,DELETE
ESV_266318,Pseudocalanus acuspes,99.042
ESV_266971,Pseudocalanus minutus,98.403
ESV_265080,Oithona similis,95.847
ESV_277759,Pseudocalanus mimus,95.987
ESV_276278,Acartia longiremis,98.706
ESV_270094,Ctenocalanus vanus,99.361
ESV_278396,Pseudocalanus mimus,96.04
ESV_264734,Pseudocalanus sp. KLMPC092-09,99.361
ESV_279540,Acartia longiremis,99.042
ESV_276555,Pseudocalanus mimus,98.684
ESV_275210,Pseudocalanus newmani,95.38
ESV_267402,Oithona similis,95.527
ESV_270141,Paracalanus sp. C AC-2013,99.357
ESV_279020,DELETE,DELETE
ESV_270408,DELETE,DELETE
ESV_275922,Pseudocalanus mimus,96.053
ESV_263639,Pseudocalanus sp. NJCGS093-09,99.361
ESV_267058,DELETE,DELETE
ESV_279593,Pseudocalanus mimus,96.7
ESV_274632,Acartia longiremis,99.042
ESV_268473,Paracalanus sp. C AC-2013,99.678
ESV_276505,Acartia longiremis,99.361
ESV_274907,Acartia longiremis,99.361
ESV_278992,Pseudocalanus mimus,95.724
ESV_266066,Thysanoessa inermis,99.679
